"TimeStamp (nanoseconds)";"ID car";"ID Route";"Speed";"Distance";"Fuel Consumption";"Fuel Type";"CO2 Emission";"Longitude (lon)";"Latitude (lat)"
"587361510049200";"Driver 1";"1";"8.8298";"25.181759999999993";"0.6669832298645999";"2";"2091.083811336222";"0.0";"0.0"
"587361510163500";"Driver 1";"1";"8.8298";"25.181759999999993";"0.6669832298645999";"2";"2091.083811336222";"0.0";"0.0"
"587361510182600";"Driver 1";"1";"6.95";"31.436759999999996";"0.6705135375";"2";"2102.134347222222";"0.0";"0.0"
"587361510196800";"Driver 1";"1";"6.95";"37.691759999999995";"0.6705135375";"2";"2102.134347222222";"0.0";"0.0"
"587361510392000";"Driver 1";"1";"6.95";"44.64176";"0.6705135375";"2";"2102.134347222222";"0.0";"0.0"
"587361510417500";"Driver 1";"1";"6.95";"50.89676";"0.6705135375";"2";"2102.134347222222";"0.0";"0.0"
"587361510431200";"Driver 1";"1";"6.95";"57.15176";"0.6705135375";"2";"2102.134347222222";"0.0";"0.0"
"587361510442400";"Driver 1";"1";"6.95";"64.10176";"0.6705135375";"2";"2102.134347222222";"0.0";"0.0"
"587361510452400";"Driver 1";"1";"6.95";"70.35675999999994";"0.6705135375";"2";"2102.134347222222";"0.0";"0.0"
"587361510710300";"Driver 1";"1";"6.95";"76.61175999999988";"0.6705135375";"2";"2102.134347222222";"0.0";"0.0"
"587361510740400";"Driver 1";"1";"6.95";"83.56175999999981";"0.6705135375";"2";"2102.134347222222";"0.0";"0.0"
"587361510803300";"Driver 1";"1";"6.95";"89.81675999999975";"0.6705135375";"2";"2102.134347222222";"0.0";"0.0"
"587361510819700";"Driver 1";"1";"6.95";"96.07175999999968";"0.6705135375";"2";"2102.134347222222";"0.0";"0.0"
"587361510875100";"Driver 1";"1";"6.95";"103.02175999999962";"0.6705135375";"2";"2102.134347222222";"0.0";"0.0"
"587361510897800";"Driver 1";"1";"6.95";"109.27675999999956";"0.6705135375";"2";"2102.134347222222";"0.0";"0.0"
"587361510915100";"Driver 1";"1";"6.95";"115.5317599999995";"0.6705135375";"2";"2102.134347222222";"0.0";"0.0"
"587361510930000";"Driver 1";"1";"6.95";"122.48175999999943";"0.6705135375";"2";"2102.134347222222";"0.0";"0.0"
"587361510940600";"Driver 1";"1";"6.95";"128.73675999999938";"0.6705135375";"2";"2102.134347222222";"0.0";"0.0"
"587361510971200";"Driver 1";"1";"6.95";"134.99175999999935";"0.6705135375";"2";"2102.134347222222";"0.0";"0.0"
"587361510986900";"Driver 1";"1";"6.95";"141.24675999999934";"0.6705135375";"2";"2102.134347222222";"0.0";"0.0"
"587361511006100";"Driver 1";"1";"6.95";"147.50175999999934";"0.6705135375";"2";"2102.134347222222";"0.0";"0.0"
"587361511022500";"Driver 1";"1";"6.95";"154.45175999999935";"0.6705135375";"2";"2102.134347222222";"0.0";"0.0"
"587361511051500";"Driver 1";"1";"6.95";"160.70675999999935";"0.6705135375";"2";"2102.134347222222";"0.0";"0.0"
"587361511064300";"Driver 1";"1";"6.95";"166.96175999999934";"0.6705135375";"2";"2102.134347222222";"0.0";"0.0"
"587361511079200";"Driver 1";"1";"6.95";"173.91175999999936";"0.6705135375";"2";"2102.134347222222";"0.0";"0.0"
"587361511104100";"Driver 1";"1";"6.95";"180.16675999999936";"0.6705135375";"2";"2102.134347222222";"0.0";"0.0"
"587361511118100";"Driver 1";"1";"6.95";"186.42175999999935";"0.6705135375";"2";"2102.134347222222";"0.0";"0.0"
"587361511147000";"Driver 1";"1";"6.95";"193.37175999999937";"0.6705135375";"2";"2102.134347222222";"0.0";"0.0"
"587361511160700";"Driver 1";"1";"6.95";"199.62675999999936";"0.6705135375";"2";"2102.134347222222";"0.0";"0.0"
"587361511172400";"Driver 1";"1";"6.95";"205.88175999999936";"0.6705135375";"2";"2102.134347222222";"0.0";"0.0"
"587361511182500";"Driver 1";"1";"6.95";"212.1367599999993";"0.6705135375";"2";"2102.134347222222";"0.0";"0.0"
"587361511201700";"Driver 1";"1";"6.95";"219.08675999999923";"0.6705135375";"2";"2102.134347222222";"0.0";"0.0"
"587361511216000";"Driver 1";"1";"6.95";"225.34175999999917";"0.6705135375";"2";"2102.134347222222";"0.0";"0.0"
"587361511227800";"Driver 1";"1";"6.95";"231.5967599999991";"0.6705135375";"2";"2102.134347222222";"0.0";"0.0"
"587361511236400";"Driver 1";"1";"6.95";"237.85175999999905";"0.6705135375";"2";"2102.134347222222";"0.0";"0.0"
"587361511245300";"Driver 1";"1";"6.95";"244.80175999999904";"0.6705135375";"2";"2102.134347222222";"0.0";"0.0"
"587361511263900";"Driver 1";"1";"6.95";"251.05675999999903";"0.6705135375";"2";"2102.134347222222";"0.0";"0.0"
"587361511276000";"Driver 1";"1";"6.95";"257.311759999999";"0.6705135375";"2";"2102.134347222222";"0.0";"0.0"
"587361511284800";"Driver 1";"1";"6.95";"263.566759999999";"0.6705135375";"2";"2102.134347222222";"0.0";"0.0"
"587361511293500";"Driver 1";"1";"6.95";"270.516759999999";"0.6705135375";"2";"2102.134347222222";"0.0";"0.0"
"587361511303200";"Driver 1";"1";"6.95";"276.771759999999";"0.6705135375";"2";"2102.134347222222";"0.0";"0.0"
"587361511380300";"Driver 1";"1";"6.95";"283.026759999999";"0.6705135375";"2";"2102.134347222222";"0.0";"0.0"
"587361511393200";"Driver 1";"1";"6.95";"289.976759999999";"0.6705135375";"2";"2102.134347222222";"0.0";"0.0"
"587361511404400";"Driver 1";"1";"6.95";"296.231759999999";"0.6705135375";"2";"2102.134347222222";"0.0";"0.0"
"587361511413700";"Driver 1";"1";"6.95";"302.486759999999";"0.6705135375";"2";"2102.134347222222";"0.0";"0.0"
"587361511435700";"Driver 1";"1";"6.95";"308.74175999999903";"0.6705135375";"2";"2102.134347222222";"0.0";"0.0"
"587361511446700";"Driver 1";"1";"6.95";"314.99675999999903";"0.6705135375";"2";"2102.134347222222";"0.0";"0.0"
"587361511458500";"Driver 1";"1";"6.95";"321.946759999999";"0.6705135375";"2";"2102.134347222222";"0.0";"0.0"
"587361511469400";"Driver 1";"1";"6.95";"328.201759999999";"0.6705135375";"2";"2102.134347222222";"0.0";"0.0"
"587361511479200";"Driver 1";"1";"6.95";"334.45675999999895";"0.6705135375";"2";"2102.134347222222";"0.0";"0.0"
"587361511499800";"Driver 1";"1";"6.95";"340.7117599999989";"0.6705135375";"2";"2102.134347222222";"0.0";"0.0"
"587361511510000";"Driver 1";"1";"6.95";"347.6617599999989";"0.6705135375";"2";"2102.134347222222";"0.0";"0.0"
"587361511518800";"Driver 1";"1";"6.95";"353.9167599999988";"0.6705135375";"2";"2102.134347222222";"0.0";"0.0"
"587361511528400";"Driver 1";"1";"6.95";"360.1717599999988";"0.6705135375";"2";"2102.134347222222";"0.0";"0.0"
"587361511539700";"Driver 1";"1";"6.95";"366.42675999999886";"0.6705135375";"2";"2102.134347222222";"0.0";"0.0"
"587361511593300";"Driver 1";"1";"6.95";"372.68175999999886";"0.6705135375";"2";"2102.134347222222";"0.0";"0.0"
"587361511617600";"Driver 1";"1";"6.95";"379.63175999999885";"0.6705135375";"2";"2102.134347222222";"0.0";"0.0"
"587361511630800";"Driver 1";"1";"6.95";"385.88675999999884";"0.6705135375";"2";"2102.134347222222";"0.0";"0.0"
"587361511643000";"Driver 1";"1";"6.95";"392.14175999999884";"0.6705135375";"2";"2102.134347222222";"0.0";"0.0"
"587361511676100";"Driver 1";"1";"6.95";"399.0917599999988";"0.6705135375";"2";"2102.134347222222";"0.0";"0.0"
"587361511698000";"Driver 1";"1";"6.95";"405.3467599999989";"0.6705135375";"2";"2102.134347222222";"0.0";"0.0"
"587361511738300";"Driver 1";"1";"6.95";"411.6017599999989";"0.6705135375";"2";"2102.134347222222";"0.0";"0.0"
"587361511747900";"Driver 1";"1";"6.95";"417.8567599999988";"0.6705135375";"2";"2102.134347222222";"0.0";"0.0"
"587361511756000";"Driver 1";"1";"6.95";"424.11175999999875";"0.6705135375";"2";"2102.134347222222";"0.0";"0.0"
"587361511774800";"Driver 1";"1";"6.95";"431.0617599999987";"0.6705135375";"2";"2102.134347222222";"0.0";"0.0"
"587361511781600";"Driver 1";"1";"6.95";"437.3167599999986";"0.6705135375";"2";"2102.134347222222";"0.0";"0.0"
"587361511787600";"Driver 1";"1";"6.95";"443.5717599999986";"0.6705135375";"2";"2102.134347222222";"0.0";"0.0"
"587361511793900";"Driver 1";"1";"6.95";"450.5217599999986";"0.6705135375";"2";"2102.134347222222";"0.0";"0.0"
"587361511805600";"Driver 1";"1";"6.95";"456.77675999999866";"0.6705135375";"2";"2102.134347222222";"0.0";"0.0"
"587361511811000";"Driver 1";"1";"6.95";"463.03175999999866";"0.6705135375";"2";"2102.134347222222";"0.0";"0.0"
"587361511816600";"Driver 1";"1";"6.95";"469.28675999999865";"0.6705135375";"2";"2102.134347222222";"0.0";"0.0"
"587361511821600";"Driver 1";"1";"6.95";"476.23675999999864";"0.6705135375";"2";"2102.134347222222";"0.0";"0.0"
"587361511826500";"Driver 1";"1";"6.95";"482.49175999999864";"0.6705135375";"2";"2102.134347222222";"0.0";"0.0"
"587361511836900";"Driver 1";"1";"6.95";"488.74675999999863";"0.6705135375";"2";"2102.134347222222";"0.0";"0.0"
"587361511842400";"Driver 1";"1";"6.95";"495.0017599999986";"0.6705135375";"2";"2102.134347222222";"0.0";"0.0"
"587361511848700";"Driver 1";"1";"6.95";"501.95175999999867";"0.6705135375";"2";"2102.134347222222";"0.0";"0.0"
"587361511855200";"Driver 1";"1";"6.95";"508.20675999999867";"0.6705135375";"2";"2102.134347222222";"0.0";"0.0"
"587361511938200";"Driver 1";"1";"6.95";"514.4617599999987";"0.6705135375";"2";"2102.134347222222";"0.0";"0.0"
"587361511949500";"Driver 1";"1";"6.95";"521.4117599999987";"0.6705135375";"2";"2102.134347222222";"0.0";"0.0"
"587361511954700";"Driver 1";"1";"6.95";"527.6667599999987";"0.6705135375";"2";"2102.134347222222";"0.0";"0.0"
"587361511960900";"Driver 1";"1";"6.95";"533.9217599999987";"0.6705135375";"2";"2102.134347222222";"0.0";"0.0"
"587361511965600";"Driver 1";"1";"6.95";"540.1767599999987";"0.6705135375";"2";"2102.134347222222";"0.0";"0.0"
"587361511982200";"Driver 1";"1";"6.95";"547.1267599999987";"0.6705135375";"2";"2102.134347222222";"0.0";"0.0"
"587361511993800";"Driver 1";"1";"6.95";"553.3817599999987";"0.6705135375";"2";"2102.134347222222";"0.0";"0.0"
"587361512004400";"Driver 1";"1";"6.95";"560.3317599999987";"0.6705135375";"2";"2102.134347222222";"0.0";"0.0"
"587361512015200";"Driver 1";"1";"6.95";"566.5867599999987";"0.6705135375";"2";"2102.134347222222";"0.0";"0.0"
"587361512025800";"Driver 1";"1";"6.95";"572.8417599999987";"0.6705135375";"2";"2102.134347222222";"0.0";"0.0"
"587361512050600";"Driver 1";"1";"6.95";"579.7917599999986";"0.6705135375";"2";"2102.134347222222";"0.0";"0.0"
"587361512065700";"Driver 1";"1";"6.95";"586.0467599999987";"0.6705135375";"2";"2102.134347222222";"0.0";"0.0"
"587361512082600";"Driver 1";"1";"6.95";"592.3017599999987";"0.6705135375";"2";"2102.134347222222";"0.0";"0.0"
"587361512100600";"Driver 1";"1";"6.95";"599.2517599999987";"0.6705135375";"2";"2102.134347222222";"0.0";"0.0"
"587361512128700";"Driver 1";"1";"6.95";"605.5067599999987";"0.6705135375";"2";"2102.134347222222";"0.0";"0.0"
"587361512137900";"Driver 1";"1";"6.95";"611.7617599999987";"0.6705135375";"2";"2102.134347222222";"0.0";"0.0"
"587361512145200";"Driver 1";"1";"6.95";"618.0167599999987";"0.6705135375";"2";"2102.134347222222";"0.0";"0.0"
"587361512150200";"Driver 1";"1";"6.95";"624.9667599999987";"0.6705135375";"2";"2102.134347222222";"0.0";"0.0"
"587361512155000";"Driver 1";"1";"6.95";"631.2217599999987";"0.6705135375";"2";"2102.134347222222";"0.0";"0.0"
"587361512167500";"Driver 1";"1";"6.95";"637.4767599999986";"0.6705135375";"2";"2102.134347222222";"0.0";"0.0"
"587361512175600";"Driver 1";"1";"6.95";"644.4267599999987";"0.6705135375";"2";"2102.134347222222";"0.0";"0.0"
"587361512180400";"Driver 1";"1";"6.95";"650.6817599999987";"0.6705135375";"2";"2102.134347222222";"0.0";"0.0"
"587361512187000";"Driver 1";"1";"6.95";"656.9367599999987";"0.6705135375";"2";"2102.134347222222";"0.0";"0.0"
"587361512191800";"Driver 1";"1";"6.95";"663.1917599999986";"0.6705135375";"2";"2102.134347222222";"0.0";"0.0"
"587361512205000";"Driver 1";"1";"6.95";"670.1417599999985";"0.6705135375";"2";"2102.134347222222";"0.0";"0.0"
"587361512211500";"Driver 1";"1";"6.95";"676.3967599999985";"0.6705135375";"2";"2102.134347222222";"0.0";"0.0"
"587361512217300";"Driver 1";"1";"6.95";"682.6517599999984";"0.6705135375";"2";"2102.134347222222";"0.0";"0.0"
"587361512222900";"Driver 1";"1";"6.95";"688.9067599999984";"0.6705135375";"2";"2102.134347222222";"0.0";"0.0"
"587361512234000";"Driver 1";"1";"6.95";"695.8567599999984";"0.6705135375";"2";"2102.134347222222";"0.0";"0.0"
"587361512240800";"Driver 1";"1";"6.95";"702.1117599999984";"0.6705135375";"2";"2102.134347222222";"0.0";"0.0"
"587361512246100";"Driver 1";"1";"6.95";"702.1117599999984";"0.6705135375";"2";"2102.134347222222";"0.0";"0.0"
"587361512250800";"Driver 1";"1";"6.95";"702.1117599999984";"0.6705135375";"2";"2102.134347222222";"0.0";"0.0"
"587361512255500";"Driver 1";"1";"6.95";"702.1117599999984";"0.6705135375";"2";"2102.134347222222";"0.0";"0.0"
"587361512269300";"Driver 1";"1";"6.95";"702.1117599999984";"0.6705135375";"2";"2102.134347222222";"0.0";"0.0"
"587361512275700";"Driver 1";"1";"6.95";"702.1117599999984";"0.6705135375";"2";"2102.134347222222";"0.0";"0.0"
"587361512280400";"Driver 1";"1";"6.95";"708.3667599999985";"0.6705135375";"2";"2102.134347222222";"0.0";"0.0"
"587361512285200";"Driver 1";"1";"6.95";"714.6217599999985";"0.6705135375";"2";"2102.134347222222";"0.0";"0.0"
"587361512298100";"Driver 1";"1";"6.95";"721.5717599999984";"0.6705135375";"2";"2102.134347222222";"0.0";"0.0"
"587361512307200";"Driver 1";"1";"6.95";"727.8267599999984";"0.6705135375";"2";"2102.134347222222";"0.0";"0.0"
"587361512312200";"Driver 1";"1";"6.95";"734.0817599999984";"0.6705135375";"2";"2102.134347222222";"0.0";"0.0"
"587361512316900";"Driver 1";"1";"6.95";"740.3367599999984";"0.6705135375";"2";"2102.134347222222";"0.0";"0.0"
"587361512321600";"Driver 1";"1";"6.95";"747.2867599999985";"0.6705135375";"2";"2102.134347222222";"0.0";"0.0"
"587361512335300";"Driver 1";"1";"6.95";"753.5417599999985";"0.6705135375";"2";"2102.134347222222";"0.0";"0.0"
"587361512340800";"Driver 1";"1";"6.95";"759.7967599999984";"0.6705135375";"2";"2102.134347222222";"0.0";"0.0"
"587361512345600";"Driver 1";"1";"6.95";"766.0517599999985";"0.6705135375";"2";"2102.134347222222";"0.0";"0.0"
"587361512350300";"Driver 1";"1";"6.95";"773.0017599999985";"0.6705135375";"2";"2102.134347222222";"0.0";"0.0"
"587361512355100";"Driver 1";"1";"6.95";"779.2567599999984";"0.6705135375";"2";"2102.134347222222";"0.0";"0.0"
"587361512365600";"Driver 1";"1";"6.95";"785.5117599999984";"0.6705135375";"2";"2102.134347222222";"0.0";"0.0"
"587361512370900";"Driver 1";"1";"6.95";"791.7667599999984";"0.6705135375";"2";"2102.134347222222";"0.0";"0.0"
"587361512375700";"Driver 1";"1";"6.95";"798.0217599999984";"0.6705135375";"2";"2102.134347222222";"0.0";"0.0"
"587361512380500";"Driver 1";"1";"6.95";"804.9717599999984";"0.6705135375";"2";"2102.134347222222";"0.0";"0.0"
"587361512478100";"Driver 1";"1";"6.95";"811.2267599999984";"0.6705135375";"2";"2102.134347222222";"0.0";"0.0"
"587361512526800";"Driver 1";"1";"6.95";"817.4817599999984";"0.6705135375";"2";"2102.134347222222";"0.0";"0.0"
"587361512536900";"Driver 1";"1";"6.95";"824.4317599999983";"0.6705135375";"2";"2102.134347222222";"0.0";"0.0"
"587361512545000";"Driver 1";"1";"6.95";"830.6867599999985";"0.6705135375";"2";"2102.134347222222";"0.0";"0.0"
"587361512551300";"Driver 1";"1";"6.95";"836.9417599999985";"0.6705135375";"2";"2102.134347222222";"0.0";"0.0"
"587361512573800";"Driver 1";"1";"6.95";"843.8917599999984";"0.6705135375";"2";"2102.134347222222";"0.0";"0.0"
"587361512579800";"Driver 1";"1";"6.95";"850.1467599999984";"0.6705135375";"2";"2102.134347222222";"0.0";"0.0"
"587361512584500";"Driver 1";"1";"6.95";"856.4017599999983";"0.6705135375";"2";"2102.134347222222";"0.0";"0.0"
"587361512590000";"Driver 1";"1";"6.95";"862.6567599999983";"0.6705135375";"2";"2102.134347222222";"0.0";"0.0"
"587361512605600";"Driver 1";"1";"6.95";"869.6067599999982";"0.6705135375";"2";"2102.134347222222";"0.0";"0.0"
"587361512612800";"Driver 1";"1";"6.95";"875.8617599999981";"0.6705135375";"2";"2102.134347222222";"0.0";"0.0"
"587361512621600";"Driver 1";"1";"6.95";"882.1167599999981";"0.6705135375";"2";"2102.134347222222";"0.0";"0.0"
"587361512627400";"Driver 1";"1";"6.95";"888.371759999998";"0.6705135375";"2";"2102.134347222222";"0.0";"0.0"
"587361512636300";"Driver 1";"1";"6.95";"895.3217599999979";"0.6705135375";"2";"2102.134347222222";"0.0";"0.0"
"587361512678300";"Driver 1";"1";"6.95";"901.5767599999979";"0.6705135375";"2";"2102.134347222222";"0.0";"0.0"
"587361512692500";"Driver 1";"1";"6.95";"907.8317599999978";"0.6705135375";"2";"2102.134347222222";"0.0";"0.0"
"587361512702800";"Driver 1";"1";"6.95";"914.0867599999978";"0.6705135375";"2";"2102.134347222222";"0.0";"0.0"
"587361512711600";"Driver 1";"1";"6.95";"921.0367599999977";"0.6705135375";"2";"2102.134347222222";"0.0";"0.0"
"587361512719800";"Driver 1";"1";"6.95";"927.2917599999976";"0.6705135375";"2";"2102.134347222222";"0.0";"0.0"
"587361512734300";"Driver 1";"1";"6.95";"933.5467599999976";"0.6705135375";"2";"2102.134347222222";"0.0";"0.0"
"587361512739800";"Driver 1";"1";"6.95";"939.8017599999976";"0.6705135375";"2";"2102.134347222222";"0.0";"0.0"
"587361512745900";"Driver 1";"1";"6.95";"946.0567599999976";"0.6705135375";"2";"2102.134347222222";"0.0";"0.0"
"587361512750600";"Driver 1";"1";"6.95";"953.0067599999976";"0.6705135375";"2";"2102.134347222222";"0.0";"0.0"
"587361512889000";"Driver 1";"1";"6.95";"959.2617599999976";"0.6705135375";"2";"2102.134347222222";"0.0";"0.0"
"587361512910100";"Driver 1";"1";"6.95";"965.5167599999976";"0.6705135375";"2";"2102.134347222222";"0.0";"0.0"
"587361512920600";"Driver 1";"1";"6.95";"972.4667599999974";"0.6705135375";"2";"2102.134347222222";"0.0";"0.0"
"587361512929200";"Driver 1";"1";"6.95";"978.7217599999975";"0.6705135375";"2";"2102.134347222222";"0.0";"0.0"
"587361512935100";"Driver 1";"1";"6.95";"984.9767599999975";"0.6705135375";"2";"2102.134347222222";"0.0";"0.0"
"587361512961000";"Driver 1";"1";"6.95";"991.9267599999974";"0.6705135375";"2";"2102.134347222222";"0.0";"0.0"
"587361512967300";"Driver 1";"1";"6.95";"998.1817599999974";"0.6705135375";"2";"2102.134347222222";"0.0";"0.0"
"587361512972100";"Driver 1";"1";"6.95";"1005.1317599999975";"0.6705135375";"2";"2102.134347222222";"0.0";"0.0"
"587361512977100";"Driver 1";"1";"6.95";"1011.3867599999975";"0.6705135375";"2";"2102.134347222222";"0.0";"0.0"
"587361512982200";"Driver 1";"1";"6.95";"1017.6417599999975";"0.6705135375";"2";"2102.134347222222";"0.0";"0.0"
"587361512998900";"Driver 1";"1";"6.95";"1024.5917599999975";"0.6705135375";"2";"2102.134347222222";"0.0";"0.0"
"587361513010100";"Driver 1";"1";"6.95";"1030.8467599999974";"0.6705135375";"2";"2102.134347222222";"0.0";"0.0"
"587361513019500";"Driver 1";"1";"6.95";"1037.1017599999975";"0.6705135375";"2";"2102.134347222222";"0.0";"0.0"
"587361513029700";"Driver 1";"1";"6.95";"1043.3567599999974";"0.6705135375";"2";"2102.134347222222";"0.0";"0.0"
"587361513055100";"Driver 1";"1";"6.95";"1050.3067599999972";"0.6705135375";"2";"2102.134347222222";"0.0";"0.0"
"587361513082300";"Driver 1";"1";"6.95";"1056.5617599999973";"0.6705135375";"2";"2102.134347222222";"0.0";"0.0"
"587361513088300";"Driver 1";"1";"6.95";"1062.8167599999972";"0.6705135375";"2";"2102.134347222222";"0.0";"0.0"
"587361513092800";"Driver 1";"1";"6.95";"1069.0717599999973";"0.6705135375";"2";"2102.134347222222";"0.0";"0.0"
"587361513097400";"Driver 1";"1";"6.95";"1076.0217599999971";"0.6705135375";"2";"2102.134347222222";"0.0";"0.0"
"587361513109700";"Driver 1";"1";"6.95";"1082.2767599999972";"0.6705135375";"2";"2102.134347222222";"0.0";"0.0"
"587361513114600";"Driver 1";"1";"6.95";"1088.5317599999971";"0.6705135375";"2";"2102.134347222222";"0.0";"0.0"
"587361513121500";"Driver 1";"1";"6.95";"1094.7867599999972";"0.6705135375";"2";"2102.134347222222";"0.0";"0.0"
"587361513126200";"Driver 1";"1";"6.95";"1101.7367599999973";"0.6705135375";"2";"2102.134347222222";"0.0";"0.0"
"587361513136700";"Driver 1";"1";"6.95";"1107.9917599999972";"0.6705135375";"2";"2102.134347222222";"0.0";"0.0"
"587361513141600";"Driver 1";"1";"6.95";"1114.2467599999973";"0.6705135375";"2";"2102.134347222222";"0.0";"0.0"
"587361513146000";"Driver 1";"1";"6.95";"1120.5017599999971";"0.6705135375";"2";"2102.134347222222";"0.0";"0.0"
"587361513150500";"Driver 1";"1";"6.95";"1127.4517599999972";"0.6705135375";"2";"2102.134347222222";"0.0";"0.0"
"587361513154900";"Driver 1";"1";"6.95";"1133.7067599999973";"0.6705135375";"2";"2102.134347222222";"0.0";"0.0"
"587361513195900";"Driver 1";"1";"6.95";"1139.9617599999972";"0.6705135375";"2";"2102.134347222222";"0.0";"0.0"
"587361513214300";"Driver 1";"1";"6.95";"1146.9117599999972";"0.6705135375";"2";"2102.134347222222";"0.0";"0.0"
"587361513241400";"Driver 1";"1";"6.95";"1153.166759999997";"0.6705135375";"2";"2102.134347222222";"0.0";"0.0"
"587361513250100";"Driver 1";"1";"6.95";"1159.421759999997";"0.6705135375";"2";"2102.134347222222";"0.0";"0.0"
"587361513269200";"Driver 1";"1";"6.95";"1165.676759999997";"0.6705135375";"2";"2102.134347222222";"0.0";"0.0"
"587361513274600";"Driver 1";"1";"6.95";"1172.6267599999971";"0.6705135375";"2";"2102.134347222222";"0.0";"0.0"
"587361513279100";"Driver 1";"1";"6.95";"1178.8817599999973";"0.6705135375";"2";"2102.134347222222";"0.0";"0.0"
"587361513284400";"Driver 1";"1";"6.95";"1185.1367599999971";"0.6705135375";"2";"2102.134347222222";"0.0";"0.0"
"587361513288700";"Driver 1";"1";"6.95";"1192.086759999997";"0.6705135375";"2";"2102.134347222222";"0.0";"0.0"
"587361513349500";"Driver 1";"1";"6.95";"1198.341759999997";"0.6705135375";"2";"2102.134347222222";"0.0";"0.0"
"587361513365400";"Driver 1";"1";"6.95";"1204.5967599999972";"0.6705135375";"2";"2102.134347222222";"0.0";"0.0"
"587361513373900";"Driver 1";"1";"6.95";"1210.851759999997";"0.6705135375";"2";"2102.134347222222";"0.0";"0.0"
"587361513382600";"Driver 1";"1";"6.95";"1217.801759999997";"0.6705135375";"2";"2102.134347222222";"0.0";"0.0"
"587361513392300";"Driver 1";"1";"6.95";"1224.056759999997";"0.6705135375";"2";"2102.134347222222";"0.0";"0.0"
"587361513414200";"Driver 1";"1";"6.95";"1231.006759999997";"0.6705135375";"2";"2102.134347222222";"0.0";"0.0"
"587361513425000";"Driver 1";"1";"6.95";"1237.2617599999971";"0.6705135375";"2";"2102.134347222222";"0.0";"0.0"
"587361513436400";"Driver 1";"1";"6.95";"1243.516759999997";"0.6705135375";"2";"2102.134347222222";"0.0";"0.0"
"587361513445300";"Driver 1";"1";"6.95";"1249.7717599999971";"0.6705135375";"2";"2102.134347222222";"0.0";"0.0"
"587361513461900";"Driver 1";"1";"6.95";"1256.721759999997";"0.6705135375";"2";"2102.134347222222";"0.0";"0.0"
"587361513472400";"Driver 1";"1";"6.95";"1262.976759999997";"0.6705135375";"2";"2102.134347222222";"0.0";"0.0"
"587361513480600";"Driver 1";"1";"6.95";"1269.2317599999967";"0.6705135375";"2";"2102.134347222222";"0.0";"0.0"
"587361513488800";"Driver 1";"1";"6.95";"1276.1817599999968";"0.6705135375";"2";"2102.134347222222";"0.0";"0.0"
"587361513497300";"Driver 1";"1";"6.95";"1282.4367599999966";"0.6705135375";"2";"2102.134347222222";"0.0";"0.0"
"587361513513900";"Driver 1";"1";"6.95";"1288.6917599999967";"0.6705135375";"2";"2102.134347222222";"0.0";"0.0"
"587361513522800";"Driver 1";"1";"6.95";"1294.9467599999966";"0.6705135375";"2";"2102.134347222222";"0.0";"0.0"
"587361513530800";"Driver 1";"1";"6.95";"1301.8967599999967";"0.6705135375";"2";"2102.134347222222";"0.0";"0.0"
"587361513538600";"Driver 1";"1";"6.95";"1308.1517599999966";"0.6705135375";"2";"2102.134347222222";"0.0";"0.0"
"587361513555300";"Driver 1";"1";"6.95";"1314.4067599999967";"0.6705135375";"2";"2102.134347222222";"0.0";"0.0"
"587361513564300";"Driver 1";"1";"6.95";"1321.3567599999967";"0.6705135375";"2";"2102.134347222222";"0.0";"0.0"
"587361513572300";"Driver 1";"1";"6.95";"1327.6117599999966";"0.6705135375";"2";"2102.134347222222";"0.0";"0.0"
"587361513580200";"Driver 1";"1";"6.95";"1333.8667599999967";"0.6705135375";"2";"2102.134347222222";"0.0";"0.0"
"587361513591100";"Driver 1";"1";"6.95";"1340.8167599999965";"0.6705135375";"2";"2102.134347222222";"0.0";"0.0"
"587361513624400";"Driver 1";"1";"6.95";"1347.0717599999966";"0.6705135375";"2";"2102.134347222222";"0.0";"0.0"
"587361513633100";"Driver 1";"1";"6.95";"1353.3267599999965";"0.6705135375";"2";"2102.134347222222";"0.0";"0.0"
"587361513640400";"Driver 1";"1";"6.95";"1359.5817599999966";"0.6705135375";"2";"2102.134347222222";"0.0";"0.0"
"587361513648800";"Driver 1";"1";"6.95";"1366.5317599999964";"0.6705135375";"2";"2102.134347222222";"0.0";"0.0"
"587361513664100";"Driver 1";"1";"6.95";"1372.7867599999965";"0.6705135375";"2";"2102.134347222222";"0.0";"0.0"
"587361513672200";"Driver 1";"1";"6.95";"1379.0417599999964";"0.6705135375";"2";"2102.134347222222";"0.0";"0.0"
"587361513680900";"Driver 1";"1";"6.95";"1385.2967599999965";"0.6705135375";"2";"2102.134347222222";"0.0";"0.0"
"587361513690200";"Driver 1";"1";"6.95";"1392.2467599999966";"0.6705135375";"2";"2102.134347222222";"0.0";"0.0"
"587361513697500";"Driver 1";"1";"6.95";"1398.5017599999965";"0.6705135375";"2";"2102.134347222222";"0.0";"0.0"
"587361513715100";"Driver 1";"1";"6.95";"1404.7567599999966";"0.6705135375";"2";"2102.134347222222";"0.0";"0.0"
"587361513723600";"Driver 1";"1";"6.95";"1411.0117599999965";"0.6705135375";"2";"2102.134347222222";"0.0";"0.0"
"587361513731900";"Driver 1";"1";"6.95";"1417.9617599999965";"0.6705135375";"2";"2102.134347222222";"0.0";"0.0"
"587361513739600";"Driver 1";"1";"6.95";"1424.2167599999964";"0.6705135375";"2";"2102.134347222222";"0.0";"0.0"
"587361513750300";"Driver 1";"1";"6.95";"1430.4717599999965";"0.6705135375";"2";"2102.134347222222";"0.0";"0.0"
"587361513769200";"Driver 1";"1";"6.95";"1436.7267599999964";"0.6705135375";"2";"2102.134347222222";"0.0";"0.0"
"587361513787200";"Driver 1";"1";"6.95";"1443.6767599999964";"0.6705135375";"2";"2102.134347222222";"0.0";"0.0"
"587361513794900";"Driver 1";"1";"6.95";"1449.9317599999965";"0.6705135375";"2";"2102.134347222222";"0.0";"0.0"
"587361513809200";"Driver 1";"1";"6.95";"1456.1867599999964";"0.6705135375";"2";"2102.134347222222";"0.0";"0.0"
"587361513831400";"Driver 1";"1";"6.95";"1462.4417599999965";"0.6705135375";"2";"2102.134347222222";"0.0";"0.0"
"587361513839500";"Driver 1";"1";"6.95";"1469.3917599999966";"0.6705135375";"2";"2102.134347222222";"0.0";"0.0"
"587361513847500";"Driver 1";"1";"6.95";"1475.6467599999964";"0.6705135375";"2";"2102.134347222222";"0.0";"0.0"
"587361513854500";"Driver 1";"1";"6.95";"1481.9017599999966";"0.6705135375";"2";"2102.134347222222";"0.0";"0.0"
"587361513861800";"Driver 1";"1";"6.95";"1488.1567599999964";"0.6705135375";"2";"2102.134347222222";"0.0";"0.0"
"587361513879200";"Driver 1";"1";"6.95";"1495.1067599999965";"0.6705135375";"2";"2102.134347222222";"0.0";"0.0"
"587361513887800";"Driver 1";"1";"6.95";"1501.3617599999964";"0.6705135375";"2";"2102.134347222222";"0.0";"0.0"
"587361513895500";"Driver 1";"1";"6.95";"1507.6167599999965";"0.6705135375";"2";"2102.134347222222";"0.0";"0.0"
"587361513902800";"Driver 1";"1";"6.95";"1513.8717599999964";"0.6705135375";"2";"2102.134347222222";"0.0";"0.0"
"587361513942000";"Driver 1";"1";"6.95";"1520.1267599999965";"0.6705135375";"2";"2102.134347222222";"0.0";"0.0"
"587361513960500";"Driver 1";"1";"6.95";"1526.3817599999963";"0.6705135375";"2";"2102.134347222222";"0.0";"0.0"
"587361513977800";"Driver 1";"1";"6.95";"1533.3317599999962";"0.6705135375";"2";"2102.134347222222";"0.0";"0.0"
"587361513991700";"Driver 1";"1";"6.95";"1539.586759999996";"0.6705135375";"2";"2102.134347222222";"0.0";"0.0"
"587361514023800";"Driver 1";"1";"6.95";"1545.8417599999962";"0.6705135375";"2";"2102.134347222222";"0.0";"0.0"
"587361514061500";"Driver 1";"1";"6.95";"1552.791759999996";"0.6705135375";"2";"2102.134347222222";"0.0";"0.0"
"587361514071100";"Driver 1";"1";"6.95";"1559.046759999996";"0.6705135375";"2";"2102.134347222222";"0.0";"0.0"
"587361514084800";"Driver 1";"1";"6.95";"1565.301759999996";"0.6705135375";"2";"2102.134347222222";"0.0";"0.0"
"587361514095900";"Driver 1";"1";"6.95";"1572.2517599999958";"0.6705135375";"2";"2102.134347222222";"0.0";"0.0"
"587361514105100";"Driver 1";"1";"6.95";"1578.5067599999957";"0.6705135375";"2";"2102.134347222222";"0.0";"0.0"
"587361514135000";"Driver 1";"1";"6.95";"1584.7617599999958";"0.6705135375";"2";"2102.134347222222";"0.0";"0.0"
"587361514151000";"Driver 1";"1";"6.95";"1591.0167599999957";"0.6705135375";"2";"2102.134347222222";"0.0";"0.0"
"587361514159200";"Driver 1";"1";"6.95";"1597.9667599999957";"0.6705135375";"2";"2102.134347222222";"0.0";"0.0"
"587361514169100";"Driver 1";"1";"6.95";"1604.2217599999956";"0.6705135375";"2";"2102.134347222222";"0.0";"0.0"
"587361514219600";"Driver 1";"1";"6.95";"1611.1717599999954";"0.6705135375";"2";"2102.134347222222";"0.0";"0.0"
"587361514241200";"Driver 1";"1";"6.95";"1617.4267599999953";"0.6705135375";"2";"2102.134347222222";"0.0";"0.0"
"587361514252300";"Driver 1";"1";"6.95";"1623.6817599999954";"0.6705135375";"2";"2102.134347222222";"0.0";"0.0"
"587361514262100";"Driver 1";"1";"6.95";"1629.9367599999953";"0.6705135375";"2";"2102.134347222222";"0.0";"0.0"
"587361514271400";"Driver 1";"1";"6.95";"1636.1917599999952";"0.6705135375";"2";"2102.134347222222";"0.0";"0.0"
"587361514297700";"Driver 1";"1";"6.95";"1643.1417599999952";"0.6705135375";"2";"2102.134347222222";"0.0";"0.0"
"587361514308900";"Driver 1";"1";"6.95";"1649.3967599999953";"0.6705135375";"2";"2102.134347222222";"0.0";"0.0"
"587361514318100";"Driver 1";"1";"6.95";"1655.6517599999952";"0.6705135375";"2";"2102.134347222222";"0.0";"0.0"
"587361514327700";"Driver 1";"1";"6.95";"1661.906759999995";"0.6705135375";"2";"2102.134347222222";"0.0";"0.0"
"587361514352500";"Driver 1";"1";"6.95";"1668.1617599999952";"0.6705135375";"2";"2102.134347222222";"0.0";"0.0"
"587361514363200";"Driver 1";"1";"6.95";"1674.416759999995";"0.6705135375";"2";"2102.134347222222";"0.0";"0.0"
"587361514372200";"Driver 1";"1";"6.95";"1681.366759999995";"0.6705135375";"2";"2102.134347222222";"0.0";"0.0"
"587361514380900";"Driver 1";"1";"6.95";"1687.6217599999952";"0.6705135375";"2";"2102.134347222222";"0.0";"0.0"
"587361514391800";"Driver 1";"1";"6.95";"1693.876759999995";"0.6705135375";"2";"2102.134347222222";"0.0";"0.0"
"587361514414600";"Driver 1";"1";"6.95";"1700.1317599999952";"0.6705135375";"2";"2102.134347222222";"0.0";"0.0"
"587361514424400";"Driver 1";"1";"6.95";"1707.0817599999953";"0.6705135375";"2";"2102.134347222222";"0.0";"0.0"
"587361514433900";"Driver 1";"1";"6.95";"1713.3367599999951";"0.6705135375";"2";"2102.134347222222";"0.0";"0.0"
"587361514444100";"Driver 1";"1";"6.95";"1719.5917599999952";"0.6705135375";"2";"2102.134347222222";"0.0";"0.0"
"587361514464200";"Driver 1";"1";"6.95";"1726.541759999995";"0.6705135375";"2";"2102.134347222222";"0.0";"0.0"
"587361514473300";"Driver 1";"1";"6.95";"1732.7967599999952";"0.6705135375";"2";"2102.134347222222";"0.0";"0.0"
"587361514484100";"Driver 1";"1";"6.95";"1739.051759999995";"0.6705135375";"2";"2102.134347222222";"0.0";"0.0"
"587361514498300";"Driver 1";"1";"6.95";"1745.306759999995";"0.6705135375";"2";"2102.134347222222";"0.0";"0.0"
"587361514510100";"Driver 1";"1";"6.95";"1752.2567599999948";"0.6705135375";"2";"2102.134347222222";"0.0";"0.0"
"587361514528200";"Driver 1";"1";"6.95";"1758.5117599999949";"0.6705135375";"2";"2102.134347222222";"0.0";"0.0"
"587361514537400";"Driver 1";"1";"6.95";"1764.766759999995";"0.6705135375";"2";"2102.134347222222";"0.0";"0.0"
"587361514546100";"Driver 1";"1";"6.95";"1771.0217599999949";"0.6705135375";"2";"2102.134347222222";"0.0";"0.0"
"587361514554800";"Driver 1";"1";"6.95";"1777.2767599999947";"0.6705135375";"2";"2102.134347222222";"0.0";"0.0"
"587361514564300";"Driver 1";"1";"6.95";"1784.2267599999948";"0.6705135375";"2";"2102.134347222222";"0.0";"0.0"
"587361514582500";"Driver 1";"1";"6.95";"1790.4817599999947";"0.6705135375";"2";"2102.134347222222";"0.0";"0.0"
"587361514591600";"Driver 1";"1";"6.95";"1796.7367599999948";"0.6705135375";"2";"2102.134347222222";"0.0";"0.0"
"587361514599900";"Driver 1";"1";"6.95";"1803.6867599999948";"0.6705135375";"2";"2102.134347222222";"0.0";"0.0"
"587361514608200";"Driver 1";"1";"6.95";"1809.9417599999947";"0.6705135375";"2";"2102.134347222222";"0.0";"0.0"
"587361514624800";"Driver 1";"1";"6.95";"1816.1967599999948";"0.6705135375";"2";"2102.134347222222";"0.0";"0.0"
"587361514636400";"Driver 1";"1";"6.95";"1822.4517599999947";"0.6705135375";"2";"2102.134347222222";"0.0";"0.0"
"587361514644200";"Driver 1";"1";"6.95";"1829.4017599999947";"0.6705135375";"2";"2102.134347222222";"0.0";"0.0"
"587361514651900";"Driver 1";"1";"6.95";"1835.6567599999948";"0.6705135375";"2";"2102.134347222222";"0.0";"0.0"
"587361514661200";"Driver 1";"1";"6.95";"1841.9117599999947";"0.6705135375";"2";"2102.134347222222";"0.0";"0.0"
"587361514682200";"Driver 1";"1";"6.95";"1848.8617599999948";"0.6705135375";"2";"2102.134347222222";"0.0";"0.0"
"587361514694000";"Driver 1";"1";"6.95";"1855.1167599999947";"0.6705135375";"2";"2102.134347222222";"0.0";"0.0"
"587361514702400";"Driver 1";"1";"6.95";"1861.3717599999948";"0.6705135375";"2";"2102.134347222222";"0.0";"0.0"
"587361514711700";"Driver 1";"1";"6.95";"1867.6267599999946";"0.6705135375";"2";"2102.134347222222";"0.0";"0.0"
"587361514732300";"Driver 1";"1";"6.95";"1873.8817599999948";"0.6705135375";"2";"2102.134347222222";"0.0";"0.0"
"587361514741100";"Driver 1";"1";"6.95";"1880.1367599999946";"0.6705135375";"2";"2102.134347222222";"0.0";"0.0"
"587361514754000";"Driver 1";"1";"6.95";"1887.0867599999947";"0.6705135375";"2";"2102.134347222222";"0.0";"0.0"
"587361514763400";"Driver 1";"1";"6.95";"1893.3417599999948";"0.6705135375";"2";"2102.134347222222";"0.0";"0.0"
"587361514773600";"Driver 1";"1";"6.95";"1899.5967599999947";"0.6705135375";"2";"2102.134347222222";"0.0";"0.0"
"587361514821000";"Driver 1";"1";"6.95";"1905.8517599999948";"0.6705135375";"2";"2102.134347222222";"0.0";"0.0"
"587361514838200";"Driver 1";"1";"6.95";"1912.8017599999946";"0.6705135375";"2";"2102.134347222222";"0.0";"0.0"
"587361514850400";"Driver 1";"1";"6.95";"1919.0567599999947";"0.6705135375";"2";"2102.134347222222";"0.0";"0.0"
"587361514866600";"Driver 1";"1";"6.95";"1925.3117599999946";"0.6705135375";"2";"2102.134347222222";"0.0";"0.0"
"587361514897200";"Driver 1";"1";"6.95";"1931.5667599999947";"0.6705135375";"2";"2102.134347222222";"0.0";"0.0"
"587361514916200";"Driver 1";"1";"6.95";"1938.5167599999947";"0.6705135375";"2";"2102.134347222222";"0.0";"0.0"
"587361514925100";"Driver 1";"1";"6.95";"1944.7717599999946";"0.6705135375";"2";"2102.134347222222";"0.0";"0.0"
"587361514938400";"Driver 1";"1";"6.95";"1951.0267599999947";"0.6705135375";"2";"2102.134347222222";"0.0";"0.0"
"587361514946800";"Driver 1";"1";"6.95";"1957.2817599999946";"0.6705135375";"2";"2102.134347222222";"0.0";"0.0"
"587361514967200";"Driver 1";"1";"6.95";"1964.2317599999947";"0.6705135375";"2";"2102.134347222222";"0.0";"0.0"
"587361514986300";"Driver 1";"1";"6.95";"1970.4867599999945";"0.6705135375";"2";"2102.134347222222";"0.0";"0.0"
"587361514994500";"Driver 1";"1";"6.95";"1976.7417599999944";"0.6705135375";"2";"2102.134347222222";"0.0";"0.0"
"587361515002500";"Driver 1";"1";"6.95";"1982.9967599999945";"0.6705135375";"2";"2102.134347222222";"0.0";"0.0"
"587361515016500";"Driver 1";"1";"6.95";"1989.2517599999944";"0.6705135375";"2";"2102.134347222222";"0.0";"0.0"
"587361515033800";"Driver 1";"1";"6.95";"1995.5067599999943";"0.6705135375";"2";"2102.134347222222";"0.0";"0.0"
"587361515055600";"Driver 1";"1";"6.95";"2002.4567599999943";"0.6705135375";"2";"2102.134347222222";"0.0";"0.0"
"587361515064500";"Driver 1";"1";"6.95";"2008.7117599999942";"0.6705135375";"2";"2102.134347222222";"0.0";"0.0"
"587361515073200";"Driver 1";"1";"6.95";"2014.966759999994";"0.6705135375";"2";"2102.134347222222";"0.0";"0.0"
"587361515094900";"Driver 1";"1";"6.95";"2021.2217599999942";"0.6705135375";"2";"2102.134347222222";"0.0";"0.0"
"587361515104300";"Driver 1";"1";"6.95";"2027.476759999994";"0.6705135375";"2";"2102.134347222222";"0.0";"0.0"
"587361515123800";"Driver 1";"1";"6.95";"2034.4267599999941";"0.6705135375";"2";"2102.134347222222";"0.0";"0.0"
"587361515134600";"Driver 1";"1";"6.95";"2040.681759999994";"0.6705135375";"2";"2102.134347222222";"0.0";"0.0"
"587361515143300";"Driver 1";"1";"6.95";"2046.9367599999941";"0.6705135375";"2";"2102.134347222222";"0.0";"0.0"
"587361515166000";"Driver 1";"1";"6.95";"2053.1917599999942";"0.6705135375";"2";"2102.134347222222";"0.0";"0.0"
"587361515178200";"Driver 1";"1";"6.95";"2060.141759999994";"0.6705135375";"2";"2102.134347222222";"0.0";"0.0"
"587361515190000";"Driver 1";"1";"6.95";"2066.396759999994";"0.6705135375";"2";"2102.134347222222";"0.0";"0.0"
"587361515201400";"Driver 1";"1";"6.95";"2072.6517599999943";"0.6705135375";"2";"2102.134347222222";"0.0";"0.0"
"587361515224600";"Driver 1";"1";"6.95";"2079.601759999994";"0.6705135375";"2";"2102.134347222222";"0.0";"0.0"
"587361515236000";"Driver 1";"1";"6.95";"2085.856759999994";"0.6705135375";"2";"2102.134347222222";"0.0";"0.0"
"587361515245400";"Driver 1";"1";"6.95";"2092.111759999994";"0.6705135375";"2";"2102.134347222222";"0.0";"0.0"
"587361515256200";"Driver 1";"1";"6.95";"2099.061759999994";"0.6705135375";"2";"2102.134347222222";"0.0";"0.0"
"587361515273800";"Driver 1";"1";"6.95";"2105.316759999994";"0.6705135375";"2";"2102.134347222222";"0.0";"0.0"
"587361515297000";"Driver 1";"1";"6.95";"2111.571759999994";"0.6705135375";"2";"2102.134347222222";"0.0";"0.0"
"587361515306200";"Driver 1";"1";"6.95";"2117.826759999994";"0.6705135375";"2";"2102.134347222222";"0.0";"0.0"
"587361515315000";"Driver 1";"1";"6.95";"2124.081759999994";"0.6705135375";"2";"2102.134347222222";"0.0";"0.0"
"587361515323500";"Driver 1";"1";"6.95";"2131.031759999994";"0.6705135375";"2";"2102.134347222222";"0.0";"0.0"
"587361515342900";"Driver 1";"1";"6.95";"2137.286759999994";"0.6705135375";"2";"2102.134347222222";"0.0";"0.0"
"587361515366300";"Driver 1";"1";"6.95";"2143.5417599999937";"0.6705135375";"2";"2102.134347222222";"0.0";"0.0"
"587361515375900";"Driver 1";"1";"6.95";"2150.491759999994";"0.6705135375";"2";"2102.134347222222";"0.0";"0.0"
"587361515385000";"Driver 1";"1";"6.95";"2156.746759999994";"0.6705135375";"2";"2102.134347222222";"0.0";"0.0"
"587361515393700";"Driver 1";"1";"6.95";"2163.0017599999937";"0.6705135375";"2";"2102.134347222222";"0.0";"0.0"
"587361515425400";"Driver 1";"1";"6.95";"2169.256759999994";"0.6705135375";"2";"2102.134347222222";"0.0";"0.0"
"587361515439200";"Driver 1";"1";"6.95";"2176.2067599999937";"0.6705135375";"2";"2102.134347222222";"0.0";"0.0"
"587361515448100";"Driver 1";"1";"6.95";"2182.461759999994";"0.6705135375";"2";"2102.134347222222";"0.0";"0.0"
"587361515456700";"Driver 1";"1";"6.95";"2188.7167599999934";"0.6705135375";"2";"2102.134347222222";"0.0";"0.0"
"587361515471900";"Driver 1";"1";"6.95";"2194.9717599999935";"0.6705135375";"2";"2102.134347222222";"0.0";"0.0"
"587361515495100";"Driver 1";"1";"6.95";"2201.226759999994";"0.6705135375";"2";"2102.134347222222";"0.0";"0.0"
"587361515509000";"Driver 1";"1";"6.95";"2207.4817599999938";"0.6705135375";"2";"2102.134347222222";"0.0";"0.0"
"587361515516900";"Driver 1";"1";"6.95";"2213.736759999994";"0.6705135375";"2";"2102.134347222222";"0.0";"0.0"
"587361515528100";"Driver 1";"1";"6.95";"2220.686759999994";"0.6705135375";"2";"2102.134347222222";"0.0";"0.0"
"587361515550400";"Driver 1";"1";"6.95";"2226.941759999994";"0.6705135375";"2";"2102.134347222222";"0.0";"0.0"
"587361515562900";"Driver 1";"1";"6.95";"2233.196759999994";"0.6705135375";"2";"2102.134347222222";"0.0";"0.0"
"587361515574400";"Driver 1";"1";"6.95";"2239.451759999994";"0.6705135375";"2";"2102.134347222222";"0.0";"0.0"
"587361515585200";"Driver 1";"1";"6.95";"2245.706759999994";"0.6705135375";"2";"2102.134347222222";"0.0";"0.0"
"587361515594400";"Driver 1";"1";"6.95";"2252.656759999994";"0.6705135375";"2";"2102.134347222222";"0.0";"0.0"
"587361515623300";"Driver 1";"1";"6.95";"2258.911759999994";"0.6705135375";"2";"2102.134347222222";"0.0";"0.0"
"587361515655500";"Driver 1";"1";"6.95";"2265.166759999994";"0.6705135375";"2";"2102.134347222222";"0.0";"0.0"
"587361515664500";"Driver 1";"1";"6.95";"2271.421759999994";"0.6705135375";"2";"2102.134347222222";"0.0";"0.0"
"587361515673100";"Driver 1";"1";"6.95";"2278.371759999994";"0.6705135375";"2";"2102.134347222222";"0.0";"0.0"
"587361515690500";"Driver 1";"1";"6.95";"2284.6267599999946";"0.6705135375";"2";"2102.134347222222";"0.0";"0.0"
"587361515716800";"Driver 1";"1";"6.95";"2291.5767599999945";"0.6705135375";"2";"2102.134347222222";"0.0";"0.0"
"587361515727800";"Driver 1";"1";"6.95";"2297.8317599999946";"0.6705135375";"2";"2102.134347222222";"0.0";"0.0"
"587361515736600";"Driver 1";"1";"6.95";"2304.0867599999947";"0.6705135375";"2";"2102.134347222222";"0.0";"0.0"
"587361515767700";"Driver 1";"1";"6.95";"2310.341759999995";"0.6705135375";"2";"2102.134347222222";"0.0";"0.0"
"587361515783500";"Driver 1";"1";"6.95";"2317.2917599999946";"0.6705135375";"2";"2102.134347222222";"0.0";"0.0"
"587361515795300";"Driver 1";"1";"6.95";"2323.5467599999947";"0.6705135375";"2";"2102.134347222222";"0.0";"0.0"
"587361515804500";"Driver 1";"1";"6.95";"2329.801759999995";"0.6705135375";"2";"2102.134347222222";"0.0";"0.0"
"587361515811800";"Driver 1";"1";"6.95";"2336.0567599999945";"0.6705135375";"2";"2102.134347222222";"0.0";"0.0"
"587361515829000";"Driver 1";"1";"6.95";"2343.0067599999948";"0.6705135375";"2";"2102.134347222222";"0.0";"0.0"
"587361515843400";"Driver 1";"1";"6.95";"2349.261759999995";"0.6705135375";"2";"2102.134347222222";"0.0";"0.0"
"587361515854800";"Driver 1";"1";"6.95";"2355.516759999995";"0.6705135375";"2";"2102.134347222222";"0.0";"0.0"
"587361515862200";"Driver 1";"1";"6.95";"2361.771759999995";"0.6705135375";"2";"2102.134347222222";"0.0";"0.0"
"587361515870600";"Driver 1";"1";"6.95";"2368.0267599999947";"0.6705135375";"2";"2102.134347222222";"0.0";"0.0"
"587361515892500";"Driver 1";"1";"6.95";"2374.976759999995";"0.6705135375";"2";"2102.134347222222";"0.0";"0.0"
"587361515903300";"Driver 1";"1";"6.95";"2381.231759999995";"0.6705135375";"2";"2102.134347222222";"0.0";"0.0"
"587361515913100";"Driver 1";"1";"6.95";"2387.4867599999952";"0.6705135375";"2";"2102.134347222222";"0.0";"0.0"
"587361515922500";"Driver 1";"1";"6.95";"2394.4367599999955";"0.6705135375";"2";"2102.134347222222";"0.0";"0.0"
"587361515931200";"Driver 1";"1";"6.95";"2400.691759999995";"0.6705135375";"2";"2102.134347222222";"0.0";"0.0"
"587361515955200";"Driver 1";"1";"6.95";"2406.9467599999953";"0.6705135375";"2";"2102.134347222222";"0.0";"0.0"
"587361515967500";"Driver 1";"1";"6.95";"2413.2017599999954";"0.6705135375";"2";"2102.134347222222";"0.0";"0.0"
"587361515979000";"Driver 1";"1";"6.95";"2419.4567599999955";"0.6705135375";"2";"2102.134347222222";"0.0";"0.0"
"587361515986100";"Driver 1";"1";"6.95";"2426.4067599999953";"0.6705135375";"2";"2102.134347222222";"0.0";"0.0"
"587361515995100";"Driver 1";"1";"6.95";"2432.6617599999954";"0.6705135375";"2";"2102.134347222222";"0.0";"0.0"
"587361516011600";"Driver 1";"1";"6.95";"2438.9167599999955";"0.6705135375";"2";"2102.134347222222";"0.0";"0.0"
"587361516021400";"Driver 1";"1";"6.95";"2445.171759999995";"0.6705135375";"2";"2102.134347222222";"0.0";"0.0"
"587361516036300";"Driver 1";"1";"6.95";"2451.4267599999953";"0.6705135375";"2";"2102.134347222222";"0.0";"0.0"
"587361516043400";"Driver 1";"1";"6.95";"2458.3767599999956";"0.6705135375";"2";"2102.134347222222";"0.0";"0.0"
"587361516061500";"Driver 1";"1";"6.95";"2464.631759999995";"0.6705135375";"2";"2102.134347222222";"0.0";"0.0"
"587361516069100";"Driver 1";"1";"6.95";"2470.886759999995";"0.6705135375";"2";"2102.134347222222";"0.0";"0.0"
"587361516076300";"Driver 1";"1";"6.95";"2477.836759999995";"0.6705135375";"2";"2102.134347222222";"0.0";"0.0"
"587361516085400";"Driver 1";"1";"6.95";"2484.0917599999952";"0.6705135375";"2";"2102.134347222222";"0.0";"0.0"
"587361516100300";"Driver 1";"1";"6.95";"2490.3467599999954";"0.6705135375";"2";"2102.134347222222";"0.0";"0.0"
"587361516114500";"Driver 1";"1";"6.95";"2496.601759999995";"0.6705135375";"2";"2102.134347222222";"0.0";"0.0"
"587361516125900";"Driver 1";"1";"6.95";"2502.856759999995";"0.6705135375";"2";"2102.134347222222";"0.0";"0.0"
"587361516135500";"Driver 1";"1";"6.95";"2509.806759999995";"0.6705135375";"2";"2102.134347222222";"0.0";"0.0"
"587361516145100";"Driver 1";"1";"6.95";"2516.061759999995";"0.6705135375";"2";"2102.134347222222";"0.0";"0.0"
"587361516167500";"Driver 1";"1";"6.95";"2522.316759999995";"0.6705135375";"2";"2102.134347222222";"0.0";"0.0"
"587361516177400";"Driver 1";"1";"6.95";"2529.266759999995";"0.6705135375";"2";"2102.134347222222";"0.0";"0.0"
"587361516186700";"Driver 1";"1";"6.95";"2535.521759999995";"0.6705135375";"2";"2102.134347222222";"0.0";"0.0"
"587361516193600";"Driver 1";"1";"6.95";"2541.776759999995";"0.6705135375";"2";"2102.134347222222";"0.0";"0.0"
"587361516203000";"Driver 1";"1";"6.95";"2548.031759999995";"0.6705135375";"2";"2102.134347222222";"0.0";"0.0"
"587361516221900";"Driver 1";"1";"6.95";"2554.286759999995";"0.6705135375";"2";"2102.134347222222";"0.0";"0.0"
"587361516232400";"Driver 1";"1";"6.95";"2560.541759999995";"0.6705135375";"2";"2102.134347222222";"0.0";"0.0"
"587361516242000";"Driver 1";"1";"6.95";"2567.4917599999953";"0.6705135375";"2";"2102.134347222222";"0.0";"0.0"
"587361516251900";"Driver 1";"1";"6.95";"2573.746759999995";"0.6705135375";"2";"2102.134347222222";"0.0";"0.0"
"587361516259100";"Driver 1";"1";"6.95";"2580.001759999995";"0.6705135375";"2";"2102.134347222222";"0.0";"0.0"
"587361516285700";"Driver 1";"1";"6.95";"2586.9517599999954";"0.6705135375";"2";"2102.134347222222";"0.0";"0.0"
"587361516293500";"Driver 1";"1";"6.95";"2593.206759999995";"0.6705135375";"2";"2102.134347222222";"0.0";"0.0"
"587361516300700";"Driver 1";"1";"6.95";"2599.461759999995";"0.6705135375";"2";"2102.134347222222";"0.0";"0.0"
"587361516311600";"Driver 1";"1";"6.95";"2606.4117599999954";"0.6705135375";"2";"2102.134347222222";"0.0";"0.0"
"587361516327600";"Driver 1";"1";"6.95";"2612.666759999995";"0.6705135375";"2";"2102.134347222222";"0.0";"0.0"
"587361516339300";"Driver 1";"1";"6.95";"2618.921759999995";"0.6705135375";"2";"2102.134347222222";"0.0";"0.0"
"587361516352300";"Driver 1";"1";"6.95";"2625.1767599999953";"0.6705135375";"2";"2102.134347222222";"0.0";"0.0"
"587361516359500";"Driver 1";"1";"6.95";"2631.431759999995";"0.6705135375";"2";"2102.134347222222";"0.0";"0.0"
"587361516370500";"Driver 1";"1";"6.95";"2638.381759999995";"0.6705135375";"2";"2102.134347222222";"0.0";"0.0"
"587361516385900";"Driver 1";"1";"6.95";"2644.636759999995";"0.6705135375";"2";"2102.134347222222";"0.0";"0.0"
"587361516393700";"Driver 1";"1";"6.95";"2650.891759999995";"0.6705135375";"2";"2102.134347222222";"0.0";"0.0"
"587361516403000";"Driver 1";"1";"6.95";"2657.841759999995";"0.6705135375";"2";"2102.134347222222";"0.0";"0.0"
"587361516417000";"Driver 1";"1";"6.95";"2664.096759999995";"0.6705135375";"2";"2102.134347222222";"0.0";"0.0"
"587361516433300";"Driver 1";"1";"6.95";"2670.3517599999946";"0.6705135375";"2";"2102.134347222222";"0.0";"0.0"
"587361516444900";"Driver 1";"1";"6.95";"2677.301759999995";"0.6705135375";"2";"2102.134347222222";"0.0";"0.0"
"587361516454900";"Driver 1";"1";"6.95";"2683.5567599999945";"0.6705135375";"2";"2102.134347222222";"0.0";"0.0"
"587361516467400";"Driver 1";"1";"6.95";"2689.8117599999946";"0.6705135375";"2";"2102.134347222222";"0.0";"0.0"
"587361516478800";"Driver 1";"1";"6.95";"2696.0667599999942";"0.6705135375";"2";"2102.134347222222";"0.0";"0.0"
"587361516495200";"Driver 1";"4";"13.51999999999999";"35.827999999999975";"3.6578295182222176";"2";"11468.361528888874";"0.0";"0.0"
"587361516507800";"Driver 1";"4";"13.51999999999999";"35.827999999999975";"3.6578295182222176";"2";"11468.361528888874";"0.0";"0.0"
"587361516516800";"Driver 1";"4";"6.95";"42.77799999999998";"0.6705135375";"2";"2102.134347222222";"0.0";"0.0"
"587361516526500";"Driver 1";"4";"6.95";"49.03299999999998";"0.6705135375";"2";"2102.134347222222";"0.0";"0.0"
"587361516546000";"Driver 1";"4";"6.95";"55.28799999999998";"0.6705135375";"2";"2102.134347222222";"0.0";"0.0"
"587361516558200";"Driver 1";"4";"6.95";"61.542999999999985";"0.6705135375";"2";"2102.134347222222";"0.0";"0.0"
"587361516563000";"Driver 1";"4";"6.95";"68.49299999999994";"0.6705135375";"2";"2102.134347222222";"0.0";"0.0"
"587361516566900";"Driver 1";"4";"6.95";"74.74799999999988";"0.6705135375";"2";"2102.134347222222";"0.0";"0.0"
"587361516570400";"Driver 1";"4";"6.95";"81.00299999999982";"0.6705135375";"2";"2102.134347222222";"0.0";"0.0"
"587361516587400";"Driver 1";"4";"6.95";"87.95299999999975";"0.6705135375";"2";"2102.134347222222";"0.0";"0.0"
"587361516593800";"Driver 1";"4";"6.95";"94.20799999999969";"0.6705135375";"2";"2102.134347222222";"0.0";"0.0"
"587361516600600";"Driver 1";"4";"6.95";"100.46299999999962";"0.6705135375";"2";"2102.134347222222";"0.0";"0.0"
"587361516607600";"Driver 1";"4";"6.95";"106.71799999999956";"0.6705135375";"2";"2102.134347222222";"0.0";"0.0"
"587361516626400";"Driver 1";"4";"6.95";"112.9729999999995";"0.6705135375";"2";"2102.134347222222";"0.0";"0.0"
"587361516631300";"Driver 1";"4";"6.95";"119.92299999999943";"0.6705135375";"2";"2102.134347222222";"0.0";"0.0"
"587361516634900";"Driver 1";"4";"6.95";"126.17799999999937";"0.6705135375";"2";"2102.134347222222";"0.0";"0.0"
"587361516660400";"Driver 1";"4";"6.95";"132.4329999999993";"0.6705135375";"2";"2102.134347222222";"0.0";"0.0"
"587361516668900";"Driver 1";"4";"6.95";"139.38299999999924";"0.6705135375";"2";"2102.134347222222";"0.0";"0.0"
"587361516680100";"Driver 1";"4";"6.95";"145.63799999999918";"0.6705135375";"2";"2102.134347222222";"0.0";"0.0"
"587361516684000";"Driver 1";"4";"6.95";"151.89299999999912";"0.6705135375";"2";"2102.134347222222";"0.0";"0.0"
"587361516688100";"Driver 1";"4";"6.95";"158.84299999999905";"0.6705135375";"2";"2102.134347222222";"0.0";"0.0"
"587361516692100";"Driver 1";"4";"6.95";"165.097999999999";"0.6705135375";"2";"2102.134347222222";"0.0";"0.0"
"587361516695600";"Driver 1";"4";"6.95";"171.35299999999893";"0.6705135375";"2";"2102.134347222222";"0.0";"0.0"
"587361516707000";"Driver 1";"4";"6.95";"177.60799999999887";"0.6705135375";"2";"2102.134347222222";"0.0";"0.0"
"587361516712800";"Driver 1";"4";"6.95";"184.5579999999988";"0.6705135375";"2";"2102.134347222222";"0.0";"0.0"
"587361516722900";"Driver 1";"4";"6.95";"190.81299999999874";"0.6705135375";"2";"2102.134347222222";"0.0";"0.0"
"587361516728500";"Driver 1";"4";"6.95";"197.06799999999868";"0.6705135375";"2";"2102.134347222222";"0.0";"0.0"
"587361516770300";"Driver 1";"4";"6.95";"203.32299999999861";"0.6705135375";"2";"2102.134347222222";"0.0";"0.0"
"587361516788400";"Driver 1";"4";"6.95";"209.57799999999855";"0.6705135375";"2";"2102.134347222222";"0.0";"0.0"
"587361516797900";"Driver 1";"4";"6.95";"216.5279999999985";"0.6705135375";"2";"2102.134347222222";"0.0";"0.0"
"587361516871700";"Driver 1";"4";"6.95";"222.7829999999985";"0.6705135375";"2";"2102.134347222222";"0.0";"0.0"
"587361516893500";"Driver 1";"4";"6.95";"229.0379999999985";"0.6705135375";"2";"2102.134347222222";"0.0";"0.0"
"587361516929200";"Driver 1";"4";"6.95";"235.2929999999985";"0.6705135375";"2";"2102.134347222222";"0.0";"0.0"
"587361516941900";"Driver 1";"4";"6.95";"242.24299999999852";"0.6705135375";"2";"2102.134347222222";"0.0";"0.0"
"587361516954000";"Driver 1";"4";"6.95";"248.4979999999985";"0.6705135375";"2";"2102.134347222222";"0.0";"0.0"
"587361516963500";"Driver 1";"4";"6.95";"254.7529999999985";"0.6705135375";"2";"2102.134347222222";"0.0";"0.0"
"587361516984800";"Driver 1";"4";"6.95";"261.7029999999985";"0.6705135375";"2";"2102.134347222222";"0.0";"0.0"
"587361516995900";"Driver 1";"4";"6.95";"267.9579999999985";"0.6705135375";"2";"2102.134347222222";"0.0";"0.0"
"587361517005400";"Driver 1";"4";"6.95";"274.2129999999985";"0.6705135375";"2";"2102.134347222222";"0.0";"0.0"
"587361517014700";"Driver 1";"4";"6.95";"280.4679999999985";"0.6705135375";"2";"2102.134347222222";"0.0";"0.0"
"587361517023900";"Driver 1";"4";"6.95";"287.41799999999853";"0.6705135375";"2";"2102.134347222222";"0.0";"0.0"
"587361517040800";"Driver 1";"4";"6.95";"293.6729999999985";"0.6705135375";"2";"2102.134347222222";"0.0";"0.0"
"587361517047900";"Driver 1";"4";"6.95";"299.9279999999985";"0.6705135375";"2";"2102.134347222222";"0.0";"0.0"
"587361517053400";"Driver 1";"4";"6.95";"306.1829999999985";"0.6705135375";"2";"2102.134347222222";"0.0";"0.0"
"587361517062700";"Driver 1";"4";"6.95";"312.43799999999857";"0.6705135375";"2";"2102.134347222222";"0.0";"0.0"
"587361517076100";"Driver 1";"4";"6.95";"319.38799999999856";"0.6705135375";"2";"2102.134347222222";"0.0";"0.0"
"587361517082100";"Driver 1";"4";"6.95";"325.64299999999855";"0.6705135375";"2";"2102.134347222222";"0.0";"0.0"
"587361517088600";"Driver 1";"4";"6.95";"331.89799999999855";"0.6705135375";"2";"2102.134347222222";"0.0";"0.0"
"587361517105100";"Driver 1";"4";"6.95";"338.15299999999854";"0.6705135375";"2";"2102.134347222222";"0.0";"0.0"
"587361517111100";"Driver 1";"4";"6.95";"345.10299999999853";"0.6705135375";"2";"2102.134347222222";"0.0";"0.0"
"587361517129200";"Driver 1";"4";"6.95";"351.3579999999985";"0.6705135375";"2";"2102.134347222222";"0.0";"0.0"
"587361517140500";"Driver 1";"4";"6.95";"357.6129999999985";"0.6705135375";"2";"2102.134347222222";"0.0";"0.0"
"587361517150600";"Driver 1";"4";"6.95";"364.56299999999857";"0.6705135375";"2";"2102.134347222222";"0.0";"0.0"
"587361517157500";"Driver 1";"4";"6.95";"370.8179999999985";"0.6705135375";"2";"2102.134347222222";"0.0";"0.0"
"587361517178200";"Driver 1";"4";"6.95";"377.07299999999856";"0.6705135375";"2";"2102.134347222222";"0.0";"0.0"
"587361517196300";"Driver 1";"4";"6.95";"384.02299999999855";"0.6705135375";"2";"2102.134347222222";"0.0";"0.0"
"587361517205800";"Driver 1";"4";"6.95";"390.27799999999854";"0.6705135375";"2";"2102.134347222222";"0.0";"0.0"
"587361517213400";"Driver 1";"4";"6.95";"396.53299999999854";"0.6705135375";"2";"2102.134347222222";"0.0";"0.0"
"587361517221100";"Driver 1";"4";"6.95";"403.4829999999985";"0.6705135375";"2";"2102.134347222222";"0.0";"0.0"
"587361517242500";"Driver 1";"4";"6.95";"409.7379999999985";"0.6705135375";"2";"2102.134347222222";"0.0";"0.0"
"587361517254200";"Driver 1";"4";"6.95";"415.9929999999986";"0.6705135375";"2";"2102.134347222222";"0.0";"0.0"
"587361517262700";"Driver 1";"4";"6.95";"422.94299999999856";"0.6705135375";"2";"2102.134347222222";"0.0";"0.0"
"587361517268500";"Driver 1";"4";"6.95";"429.19799999999856";"0.6705135375";"2";"2102.134347222222";"0.0";"0.0"
"587361517277200";"Driver 1";"4";"6.95";"435.45299999999855";"0.6705135375";"2";"2102.134347222222";"0.0";"0.0"
"587361517296900";"Driver 1";"4";"6.95";"441.70799999999855";"0.6705135375";"2";"2102.134347222222";"0.0";"0.0"
"587361517305000";"Driver 1";"4";"6.95";"448.65799999999854";"0.6705135375";"2";"2102.134347222222";"0.0";"0.0"
"587361517311000";"Driver 1";"4";"6.95";"454.91299999999853";"0.6705135375";"2";"2102.134347222222";"0.0";"0.0"
"587361517317800";"Driver 1";"4";"6.95";"461.16799999999853";"0.6705135375";"2";"2102.134347222222";"0.0";"0.0"
"587361517335800";"Driver 1";"4";"6.95";"467.4229999999985";"0.6705135375";"2";"2102.134347222222";"0.0";"0.0"
"587361517344100";"Driver 1";"4";"6.95";"474.37299999999857";"0.6705135375";"2";"2102.134347222222";"0.0";"0.0"
"587361517350400";"Driver 1";"4";"6.95";"480.62799999999856";"0.6705135375";"2";"2102.134347222222";"0.0";"0.0"
"587361517355900";"Driver 1";"4";"6.95";"486.88299999999856";"0.6705135375";"2";"2102.134347222222";"0.0";"0.0"
"587361517361700";"Driver 1";"4";"6.95";"493.13799999999856";"0.6705135375";"2";"2102.134347222222";"0.0";"0.0"
"587361517378300";"Driver 1";"4";"6.95";"500.08799999999854";"0.6705135375";"2";"2102.134347222222";"0.0";"0.0"
"587361517385600";"Driver 1";"4";"6.95";"506.34299999999854";"0.6705135375";"2";"2102.134347222222";"0.0";"0.0"
"587361517391600";"Driver 1";"4";"6.95";"512.5979999999986";"0.6705135375";"2";"2102.134347222222";"0.0";"0.0"
"587361517397000";"Driver 1";"4";"6.95";"519.5479999999985";"0.6705135375";"2";"2102.134347222222";"0.0";"0.0"
"587361517402700";"Driver 1";"4";"6.95";"525.8029999999985";"0.6705135375";"2";"2102.134347222222";"0.0";"0.0"
"587361517422000";"Driver 1";"4";"6.95";"532.0579999999985";"0.6705135375";"2";"2102.134347222222";"0.0";"0.0"
"587361517430200";"Driver 1";"4";"6.95";"539.0079999999986";"0.6705135375";"2";"2102.134347222222";"0.0";"0.0"
"587361517436600";"Driver 1";"4";"6.95";"545.2629999999986";"0.6705135375";"2";"2102.134347222222";"0.0";"0.0"
"587361517443100";"Driver 1";"4";"6.95";"551.5179999999986";"0.6705135375";"2";"2102.134347222222";"0.0";"0.0"
"587361517459400";"Driver 1";"4";"6.95";"557.7729999999985";"0.6705135375";"2";"2102.134347222222";"0.0";"0.0"
"587361517466900";"Driver 1";"4";"6.95";"564.7229999999985";"0.6705135375";"2";"2102.134347222222";"0.0";"0.0"
"587361517473600";"Driver 1";"4";"6.95";"570.9779999999985";"0.6705135375";"2";"2102.134347222222";"0.0";"0.0"
"587361517479600";"Driver 1";"4";"6.95";"577.2329999999985";"0.6705135375";"2";"2102.134347222222";"0.0";"0.0"
"587361517485400";"Driver 1";"4";"6.95";"583.4879999999985";"0.6705135375";"2";"2102.134347222222";"0.0";"0.0"
"587361517501700";"Driver 1";"4";"6.95";"590.4379999999985";"0.6705135375";"2";"2102.134347222222";"0.0";"0.0"
"587361517508900";"Driver 1";"4";"6.95";"596.6929999999985";"0.6705135375";"2";"2102.134347222222";"0.0";"0.0"
"587361517515300";"Driver 1";"4";"6.95";"602.9479999999985";"0.6705135375";"2";"2102.134347222222";"0.0";"0.0"
"587361517522200";"Driver 1";"4";"6.95";"609.2029999999985";"0.6705135375";"2";"2102.134347222222";"0.0";"0.0"
"587361517540200";"Driver 1";"4";"6.95";"615.4579999999985";"0.6705135375";"2";"2102.134347222222";"0.0";"0.0"
"587361517547400";"Driver 1";"4";"6.95";"621.7129999999985";"0.6705135375";"2";"2102.134347222222";"0.0";"0.0"
"587361517553900";"Driver 1";"4";"6.95";"628.6629999999985";"0.6705135375";"2";"2102.134347222222";"0.0";"0.0"
"587361517561200";"Driver 1";"4";"6.95";"634.9179999999985";"0.6705135375";"2";"2102.134347222222";"0.0";"0.0"
"587361517567200";"Driver 1";"4";"6.95";"641.1729999999985";"0.6705135375";"2";"2102.134347222222";"0.0";"0.0"
"587361517585000";"Driver 1";"4";"6.95";"648.1229999999985";"0.6705135375";"2";"2102.134347222222";"0.0";"0.0"
"587361517594400";"Driver 1";"4";"6.95";"654.3779999999983";"0.6705135375";"2";"2102.134347222222";"0.0";"0.0"
"587361517603300";"Driver 1";"4";"6.95";"660.6329999999983";"0.6705135375";"2";"2102.134347222222";"0.0";"0.0"
"587361517613000";"Driver 1";"4";"6.95";"666.8879999999982";"0.6705135375";"2";"2102.134347222222";"0.0";"0.0"
"587361517621200";"Driver 1";"4";"6.95";"673.1429999999982";"0.6705135375";"2";"2102.134347222222";"0.0";"0.0"
"587361517640400";"Driver 1";"4";"6.95";"680.0929999999981";"0.6705135375";"2";"2102.134347222222";"0.0";"0.0"
"587361517651700";"Driver 1";"4";"6.95";"686.347999999998";"0.6705135375";"2";"2102.134347222222";"0.0";"0.0"
"587361517659400";"Driver 1";"4";"6.95";"692.602999999998";"0.6705135375";"2";"2102.134347222222";"0.0";"0.0"
"587361517669800";"Driver 1";"4";"6.95";"698.8579999999979";"0.6705135375";"2";"2102.134347222222";"0.0";"0.0"
"587361517686200";"Driver 1";"4";"6.95";"705.8079999999978";"0.6705135375";"2";"2102.134347222222";"0.0";"0.0"
"587361517694100";"Driver 1";"4";"6.95";"712.0629999999978";"0.6705135375";"2";"2102.134347222222";"0.0";"0.0"
"587361517700700";"Driver 1";"4";"6.95";"718.3179999999978";"0.6705135375";"2";"2102.134347222222";"0.0";"0.0"
"587361517707000";"Driver 1";"4";"6.95";"724.5729999999978";"0.6705135375";"2";"2102.134347222222";"0.0";"0.0"
"587361517713300";"Driver 1";"4";"6.95";"731.5229999999979";"0.6705135375";"2";"2102.134347222222";"0.0";"0.0"
"587361517730700";"Driver 1";"4";"6.95";"737.7779999999977";"0.6705135375";"2";"2102.134347222222";"0.0";"0.0"
"587361517738200";"Driver 1";"4";"6.95";"744.0329999999977";"0.6705135375";"2";"2102.134347222222";"0.0";"0.0"
"587361517745300";"Driver 1";"4";"6.95";"750.2879999999979";"0.6705135375";"2";"2102.134347222222";"0.0";"0.0"
"587361517752300";"Driver 1";"4";"6.95";"757.2379999999978";"0.6705135375";"2";"2102.134347222222";"0.0";"0.0"
"587361517769200";"Driver 1";"4";"6.95";"763.4929999999978";"0.6705135375";"2";"2102.134347222222";"0.0";"0.0"
"587361517776600";"Driver 1";"4";"6.95";"769.7479999999978";"0.6705135375";"2";"2102.134347222222";"0.0";"0.0"
"587361517783200";"Driver 1";"4";"6.95";"776.0029999999978";"0.6705135375";"2";"2102.134347222222";"0.0";"0.0"
"587361517791800";"Driver 1";"4";"6.95";"782.9529999999978";"0.6705135375";"2";"2102.134347222222";"0.0";"0.0"
"587361517798700";"Driver 1";"4";"6.95";"789.2079999999978";"0.6705135375";"2";"2102.134347222222";"0.0";"0.0"
"587361517888800";"Driver 1";"4";"6.95";"795.4629999999978";"0.6705135375";"2";"2102.134347222222";"0.0";"0.0"
"587361517903400";"Driver 1";"4";"6.95";"802.4129999999979";"0.6705135375";"2";"2102.134347222222";"0.0";"0.0"
"587361517911700";"Driver 1";"4";"6.95";"808.6679999999978";"0.6705135375";"2";"2102.134347222222";"0.0";"0.0"
"587361517919200";"Driver 1";"4";"6.95";"814.9229999999978";"0.6705135375";"2";"2102.134347222222";"0.0";"0.0"
"587361517926700";"Driver 1";"4";"6.95";"821.1779999999978";"0.6705135375";"2";"2102.134347222222";"0.0";"0.0"
"587361518146000";"Driver 1";"4";"6.95";"827.432999999998";"0.6705135375";"2";"2102.134347222222";"0.0";"0.0"
"587361518161500";"Driver 1";"4";"6.95";"833.6879999999979";"0.6705135375";"2";"2102.134347222222";"0.0";"0.0"
"587361518178200";"Driver 1";"4";"6.95";"840.6379999999979";"0.6705135375";"2";"2102.134347222222";"0.0";"0.0"
"587361518192600";"Driver 1";"4";"6.95";"846.8929999999979";"0.6705135375";"2";"2102.134347222222";"0.0";"0.0"
"587361518218700";"Driver 1";"4";"6.95";"853.1479999999979";"0.6705135375";"2";"2102.134347222222";"0.0";"0.0"
"587361518231100";"Driver 1";"4";"6.95";"860.0979999999979";"0.6705135375";"2";"2102.134347222222";"0.0";"0.0"
"587361518242700";"Driver 1";"4";"6.95";"866.3529999999979";"0.6705135375";"2";"2102.134347222222";"0.0";"0.0"
"587361518250100";"Driver 1";"4";"6.95";"872.6079999999979";"0.6705135375";"2";"2102.134347222222";"0.0";"0.0"
"587361518263200";"Driver 1";"4";"6.95";"878.8629999999979";"0.6705135375";"2";"2102.134347222222";"0.0";"0.0"
"587361518283600";"Driver 1";"4";"6.95";"885.8129999999979";"0.6705135375";"2";"2102.134347222222";"0.0";"0.0"
"587361518294200";"Driver 1";"4";"6.95";"892.0679999999979";"0.6705135375";"2";"2102.134347222222";"0.0";"0.0"
"587361518303900";"Driver 1";"4";"6.95";"898.3229999999979";"0.6705135375";"2";"2102.134347222222";"0.0";"0.0"
"587361518313300";"Driver 1";"4";"6.95";"905.272999999998";"0.6705135375";"2";"2102.134347222222";"0.0";"0.0"
"587361518325500";"Driver 1";"4";"6.95";"911.527999999998";"0.6705135375";"2";"2102.134347222222";"0.0";"0.0"
"587361518348600";"Driver 1";"4";"6.95";"917.782999999998";"0.6705135375";"2";"2102.134347222222";"0.0";"0.0"
"587361518358800";"Driver 1";"4";"6.95";"924.037999999998";"0.6705135375";"2";"2102.134347222222";"0.0";"0.0"
"587361518367500";"Driver 1";"4";"6.95";"930.987999999998";"0.6705135375";"2";"2102.134347222222";"0.0";"0.0"
"587361518374200";"Driver 1";"4";"6.95";"937.242999999998";"0.6705135375";"2";"2102.134347222222";"0.0";"0.0"
"587361518394500";"Driver 1";"4";"6.95";"943.497999999998";"0.6705135375";"2";"2102.134347222222";"0.0";"0.0"
"587361518406000";"Driver 1";"4";"6.95";"950.4479999999979";"0.6705135375";"2";"2102.134347222222";"0.0";"0.0"
"587361518413100";"Driver 1";"4";"6.95";"956.7029999999979";"0.6705135375";"2";"2102.134347222222";"0.0";"0.0"
"587361518421800";"Driver 1";"4";"6.95";"962.9579999999979";"0.6705135375";"2";"2102.134347222222";"0.0";"0.0"
"587361518430600";"Driver 1";"4";"6.95";"969.212999999998";"0.6705135375";"2";"2102.134347222222";"0.0";"0.0"
"587361518446200";"Driver 1";"4";"6.95";"975.467999999998";"0.6705135375";"2";"2102.134347222222";"0.0";"0.0"
"587361518457700";"Driver 1";"4";"6.95";"982.417999999998";"0.6705135375";"2";"2102.134347222222";"0.0";"0.0"
"587361518468500";"Driver 1";"4";"6.95";"988.672999999998";"0.6705135375";"2";"2102.134347222222";"0.0";"0.0"
"587361518475300";"Driver 1";"4";"6.95";"994.927999999998";"0.6705135375";"2";"2102.134347222222";"0.0";"0.0"
"587361518486300";"Driver 1";"4";"6.95";"1001.877999999998";"0.6705135375";"2";"2102.134347222222";"0.0";"0.0"
"587361518502200";"Driver 1";"4";"6.95";"1008.132999999998";"0.6705135375";"2";"2102.134347222222";"0.0";"0.0"
"587361518509700";"Driver 1";"4";"6.95";"1014.387999999998";"0.6705135375";"2";"2102.134347222222";"0.0";"0.0"
"587361518520200";"Driver 1";"4";"6.95";"1021.337999999998";"0.6705135375";"2";"2102.134347222222";"0.0";"0.0"
"587361518531400";"Driver 1";"4";"6.95";"1027.592999999998";"0.6705135375";"2";"2102.134347222222";"0.0";"0.0"
"587361518545000";"Driver 1";"4";"6.95";"1033.847999999998";"0.6705135375";"2";"2102.134347222222";"0.0";"0.0"
"587361518556400";"Driver 1";"4";"6.95";"1040.7979999999977";"0.6705135375";"2";"2102.134347222222";"0.0";"0.0"
"587361518562800";"Driver 1";"4";"6.95";"1047.0529999999978";"0.6705135375";"2";"2102.134347222222";"0.0";"0.0"
"587361518571600";"Driver 1";"4";"6.95";"1053.3079999999977";"0.6705135375";"2";"2102.134347222222";"0.0";"0.0"
"587361518582400";"Driver 1";"4";"6.95";"1059.5629999999978";"0.6705135375";"2";"2102.134347222222";"0.0";"0.0"
"587361518600600";"Driver 1";"4";"6.95";"1066.5129999999979";"0.6705135375";"2";"2102.134347222222";"0.0";"0.0"
"587361518612100";"Driver 1";"4";"6.95";"1072.767999999998";"0.6705135375";"2";"2102.134347222222";"0.0";"0.0"
"587361518619600";"Driver 1";"4";"6.95";"1079.0229999999979";"0.6705135375";"2";"2102.134347222222";"0.0";"0.0"
"587361518626300";"Driver 1";"4";"6.95";"1085.972999999998";"0.6705135375";"2";"2102.134347222222";"0.0";"0.0"
"587361518645500";"Driver 1";"4";"6.95";"1092.227999999998";"0.6705135375";"2";"2102.134347222222";"0.0";"0.0"
"587361518656700";"Driver 1";"4";"6.95";"1098.482999999998";"0.6705135375";"2";"2102.134347222222";"0.0";"0.0"
"587361518666000";"Driver 1";"4";"6.95";"1104.737999999998";"0.6705135375";"2";"2102.134347222222";"0.0";"0.0"
"587361518675300";"Driver 1";"4";"6.95";"1110.992999999998";"0.6705135375";"2";"2102.134347222222";"0.0";"0.0"
"587361518684100";"Driver 1";"4";"6.95";"1117.942999999998";"0.6705135375";"2";"2102.134347222222";"0.0";"0.0"
"587361518786500";"Driver 1";"4";"6.95";"1124.197999999998";"0.6705135375";"2";"2102.134347222222";"0.0";"0.0"
"587361518798500";"Driver 1";"4";"6.95";"1130.452999999998";"0.6705135375";"2";"2102.134347222222";"0.0";"0.0"
"587361518813500";"Driver 1";"4";"6.95";"1137.402999999998";"0.6705135375";"2";"2102.134347222222";"0.0";"0.0"
"587361518820500";"Driver 1";"4";"6.95";"1143.6579999999979";"0.6705135375";"2";"2102.134347222222";"0.0";"0.0"
"587361518827400";"Driver 1";"4";"6.95";"1149.912999999998";"0.6705135375";"2";"2102.134347222222";"0.0";"0.0"
"587361518850500";"Driver 1";"4";"6.95";"1156.8629999999978";"0.6705135375";"2";"2102.134347222222";"0.0";"0.0"
"587361518871800";"Driver 1";"4";"6.95";"1163.117999999998";"0.6705135375";"2";"2102.134347222222";"0.0";"0.0"
"587361518879000";"Driver 1";"4";"6.95";"1169.3729999999978";"0.6705135375";"2";"2102.134347222222";"0.0";"0.0"
"587361518885900";"Driver 1";"4";"6.95";"1176.3229999999976";"0.6705135375";"2";"2102.134347222222";"0.0";"0.0"
"587361518904200";"Driver 1";"4";"6.95";"1182.5779999999977";"0.6705135375";"2";"2102.134347222222";"0.0";"0.0"
"587361518911600";"Driver 1";"4";"6.95";"1188.8329999999978";"0.6705135375";"2";"2102.134347222222";"0.0";"0.0"
"587361518918500";"Driver 1";"4";"6.95";"1195.0879999999977";"0.6705135375";"2";"2102.134347222222";"0.0";"0.0"
"587361518933200";"Driver 1";"4";"6.95";"1201.3429999999976";"0.6705135375";"2";"2102.134347222222";"0.0";"0.0"
"587361518941900";"Driver 1";"4";"6.95";"1208.2929999999976";"0.6705135375";"2";"2102.134347222222";"0.0";"0.0"
"587361518972800";"Driver 1";"4";"6.95";"1214.5479999999977";"0.6705135375";"2";"2102.134347222222";"0.0";"0.0"
"587361518980300";"Driver 1";"4";"6.95";"1220.8029999999976";"0.6705135375";"2";"2102.134347222222";"0.0";"0.0"
"587361518989400";"Driver 1";"4";"6.95";"1227.7529999999977";"0.6705135375";"2";"2102.134347222222";"0.0";"0.0"
"587361518998600";"Driver 1";"4";"6.95";"1234.0079999999978";"0.6705135375";"2";"2102.134347222222";"0.0";"0.0"
"587361519017100";"Driver 1";"4";"6.95";"1240.2629999999976";"0.6705135375";"2";"2102.134347222222";"0.0";"0.0"
"587361519027200";"Driver 1";"4";"6.95";"1247.2129999999977";"0.6705135375";"2";"2102.134347222222";"0.0";"0.0"
"587361519036400";"Driver 1";"4";"6.95";"1253.4679999999976";"0.6705135375";"2";"2102.134347222222";"0.0";"0.0"
"587361519048000";"Driver 1";"4";"6.95";"1259.7229999999977";"0.6705135375";"2";"2102.134347222222";"0.0";"0.0"
"587361519055300";"Driver 1";"4";"6.95";"1266.6729999999977";"0.6705135375";"2";"2102.134347222222";"0.0";"0.0"
"587361519082300";"Driver 1";"4";"6.95";"1272.9279999999976";"0.6705135375";"2";"2102.134347222222";"0.0";"0.0"
"587361519090100";"Driver 1";"4";"6.95";"1279.1829999999977";"0.6705135375";"2";"2102.134347222222";"0.0";"0.0"
"587361519101100";"Driver 1";"4";"6.95";"1285.4379999999976";"0.6705135375";"2";"2102.134347222222";"0.0";"0.0"
"587361519108000";"Driver 1";"4";"6.95";"1292.3879999999976";"0.6705135375";"2";"2102.134347222222";"0.0";"0.0"
"587361519121600";"Driver 1";"4";"6.95";"1298.6429999999978";"0.6705135375";"2";"2102.134347222222";"0.0";"0.0"
"587361519136600";"Driver 1";"4";"6.95";"1304.8979999999976";"0.6705135375";"2";"2102.134347222222";"0.0";"0.0"
"587361519143500";"Driver 1";"4";"6.95";"1311.1529999999977";"0.6705135375";"2";"2102.134347222222";"0.0";"0.0"
"587361519164700";"Driver 1";"4";"6.95";"1318.1029999999976";"0.6705135375";"2";"2102.134347222222";"0.0";"0.0"
"587361519171500";"Driver 1";"4";"6.95";"1324.3579999999977";"0.6705135375";"2";"2102.134347222222";"0.0";"0.0"
"587361519190100";"Driver 1";"4";"6.95";"1330.6129999999976";"0.6705135375";"2";"2102.134347222222";"0.0";"0.0"
"587361519201500";"Driver 1";"4";"6.95";"1336.8679999999977";"0.6705135375";"2";"2102.134347222222";"0.0";"0.0"
"587361519210300";"Driver 1";"4";"6.95";"1343.1229999999975";"0.6705135375";"2";"2102.134347222222";"0.0";"0.0"
"587361519229000";"Driver 1";"4";"6.95";"1350.0729999999976";"0.6705135375";"2";"2102.134347222222";"0.0";"0.0"
"587361519236100";"Driver 1";"4";"6.95";"1356.3279999999977";"0.6705135375";"2";"2102.134347222222";"0.0";"0.0"
"587361519260400";"Driver 1";"4";"6.95";"1363.2779999999977";"0.6705135375";"2";"2102.134347222222";"0.0";"0.0"
"587361519275700";"Driver 1";"4";"6.95";"1369.5329999999976";"0.6705135375";"2";"2102.134347222222";"0.0";"0.0"
"587361519282700";"Driver 1";"4";"6.95";"1376.4829999999977";"0.6705135375";"2";"2102.134347222222";"0.0";"0.0"
"587361519291700";"Driver 1";"4";"6.95";"1382.7379999999976";"0.6705135375";"2";"2102.134347222222";"0.0";"0.0"
"587361519311100";"Driver 1";"4";"6.95";"1388.9929999999974";"0.6705135375";"2";"2102.134347222222";"0.0";"0.0"
"587361519320200";"Driver 1";"4";"6.95";"1395.9429999999975";"0.6705135375";"2";"2102.134347222222";"0.0";"0.0"
"587361519329400";"Driver 1";"4";"6.95";"1402.1979999999974";"0.6705135375";"2";"2102.134347222222";"0.0";"0.0"
"587361519338600";"Driver 1";"4";"6.95";"1408.4529999999975";"0.6705135375";"2";"2102.134347222222";"0.0";"0.0"
"587361519347900";"Driver 1";"4";"6.95";"1415.4029999999973";"0.6705135375";"2";"2102.134347222222";"0.0";"0.0"
"587361519367100";"Driver 1";"4";"6.95";"1421.6579999999974";"0.6705135375";"2";"2102.134347222222";"0.0";"0.0"
"587361519375700";"Driver 1";"4";"6.95";"1427.9129999999975";"0.6705135375";"2";"2102.134347222222";"0.0";"0.0"
"587361519383200";"Driver 1";"4";"6.95";"1434.8629999999973";"0.6705135375";"2";"2102.134347222222";"0.0";"0.0"
"587361519390100";"Driver 1";"4";"6.95";"1441.1179999999974";"0.6705135375";"2";"2102.134347222222";"0.0";"0.0"
"587361519413600";"Driver 1";"4";"6.95";"1447.3729999999973";"0.6705135375";"2";"2102.134347222222";"0.0";"0.0"
"587361519422800";"Driver 1";"4";"6.95";"1453.6279999999974";"0.6705135375";"2";"2102.134347222222";"0.0";"0.0"
"587361519433700";"Driver 1";"4";"6.95";"1459.8829999999973";"0.6705135375";"2";"2102.134347222222";"0.0";"0.0"
"587361519440600";"Driver 1";"4";"6.95";"1466.8329999999974";"0.6705135375";"2";"2102.134347222222";"0.0";"0.0"
"587361519447700";"Driver 1";"4";"6.95";"1473.0879999999972";"0.6705135375";"2";"2102.134347222222";"0.0";"0.0"
"587361519485200";"Driver 1";"4";"6.95";"1480.0379999999973";"0.6705135375";"2";"2102.134347222222";"0.0";"0.0"
"587361519495500";"Driver 1";"4";"6.95";"1486.2929999999972";"0.6705135375";"2";"2102.134347222222";"0.0";"0.0"
"587361519503000";"Driver 1";"4";"6.95";"1492.547999999997";"0.6705135375";"2";"2102.134347222222";"0.0";"0.0"
"587361519510100";"Driver 1";"4";"6.95";"1499.497999999997";"0.6705135375";"2";"2102.134347222222";"0.0";"0.0"
"587361519535000";"Driver 1";"4";"6.95";"1505.7529999999972";"0.6705135375";"2";"2102.134347222222";"0.0";"0.0"
"587361519542900";"Driver 1";"4";"6.95";"1512.007999999997";"0.6705135375";"2";"2102.134347222222";"0.0";"0.0"
"587361519553700";"Driver 1";"4";"6.95";"1518.2629999999972";"0.6705135375";"2";"2102.134347222222";"0.0";"0.0"
"587361519560500";"Driver 1";"4";"6.95";"1525.2129999999972";"0.6705135375";"2";"2102.134347222222";"0.0";"0.0"
"587361519568800";"Driver 1";"4";"6.95";"1531.4679999999971";"0.6705135375";"2";"2102.134347222222";"0.0";"0.0"
"587361519587100";"Driver 1";"4";"6.95";"1537.7229999999972";"0.6705135375";"2";"2102.134347222222";"0.0";"0.0"
"587361519598900";"Driver 1";"4";"6.95";"1544.672999999997";"0.6705135375";"2";"2102.134347222222";"0.0";"0.0"
"587361519605900";"Driver 1";"4";"6.95";"1550.9279999999972";"0.6705135375";"2";"2102.134347222222";"0.0";"0.0"
"587361519616700";"Driver 1";"4";"6.95";"1557.182999999997";"0.6705135375";"2";"2102.134347222222";"0.0";"0.0"
"587361519623500";"Driver 1";"4";"6.95";"1564.132999999997";"0.6705135375";"2";"2102.134347222222";"0.0";"0.0"
"587361519641700";"Driver 1";"4";"6.95";"1570.3879999999972";"0.6705135375";"2";"2102.134347222222";"0.0";"0.0"
"587361519652200";"Driver 1";"4";"6.95";"1576.642999999997";"0.6705135375";"2";"2102.134347222222";"0.0";"0.0"
"587361519661500";"Driver 1";"4";"6.95";"1583.592999999997";"0.6705135375";"2";"2102.134347222222";"0.0";"0.0"
"587361519670900";"Driver 1";"4";"6.95";"1589.847999999997";"0.6705135375";"2";"2102.134347222222";"0.0";"0.0"
